,venue,venue capacity,attendance,referee,home team,away team,home goals,away goals,home win?,draw?,away win?,home win odds,draw odds,away win odds,shots on goal,offsides,yellow cards
0,Emirates Stadium (London),60704,60095,MarrinerA.(Eng),Arsenal,Wolves,5,0,True,False,False,1.28,6.4,9.6,8,1,0
1,Villa Park (Birmingham),42789,25000,CooteD.(Eng),Aston Villa,Brighton,2,1,True,False,False,1.89,4.1,3.75,9,6,8
2,Brentford Community Stadium (London),17250,17120,BrooksJ.(Eng),Brentford,Manchester City,1,0,True,False,False,3.35,3.6,2.15,7,3,4
3,Stamford Bridge (London),40341,40130,GillettJ.(Aus),Chelsea,Newcastle,1,1,False,True,False,2.8,3.85,2.38,9,3,0
4,Selhurst Park (London),25486,25198,BramallT.(Eng),Crystal Palace,Nottingham,1,1,False,True,False,1.62,4.2,5.4,7,4,2
5,Goodison Park (Liverpool),39572,39201,AttwellS.(Eng),Everton,Bournemouth,1,0,True,False,False,1.63,4.2,5.2,8,1,4
6,Elland Road (Leeds),37792,36871,TaylorA.(Eng),Leeds,Tottenham,1,4,False,False,True,2.75,3.85,2.4,9,2,3
7,King Power Stadium (Leicester),32261,32183,HooperS.(Eng),Leicester,West Ham,2,1,True,False,False,2.08,3.95,3.25,7,5,2
8,Old Trafford (Manchester),75635,73465,JonesR.(Eng),Manchester Utd,Fulham,2,1,True,False,False,1.48,5.2,6.0,11,2,3
9,Old Trafford (Manchester),75635,73561,AttwellS.(Eng),Manchester Utd,Chelsea,4,1,True,False,False,1.55,4.7,5.8,14,0,2
10,St. James' Park (Newcastle),52305,52152,MarrinerA.(Eng),Newcastle,Leicester,0,0,False,True,False,1.31,6.0,9.2,5,1,2
11,Etihad Stadium (Manchester),55097,53490,OliverM.(Eng),Manchester City,Chelsea,1,0,True,False,False,1.61,4.2,5.8,8,4,2
12,Amex Stadium (Brighton),31876,31507,TierneyP.(Eng),Brighton,Southampton,3,1,True,False,False,1.2,7.8,13.0,9,2,7
13,London Stadium (London),62500,62478,BankesP.(Eng),West Ham,Leeds,3,1,True,False,False,2.65,3.45,2.65,12,2,4
14,City Ground (Nottingham),30404,29514,TaylorA.(Eng),Nottingham,Arsenal,1,0,True,False,False,5.2,4.2,1.64,5,2,5
15,Vitality Stadium (Bournemouth),11307,10240,KavanaghC.(Eng),Bournemouth,Manchester Utd,0,1,False,False,True,7.0,5.4,1.4,9,2,1
16,Craven Cottage (London),26600,24356,SmithJ.(Eng),Fulham,Crystal Palace,2,2,False,True,False,2.36,3.3,3.2,9,4,3
17,Anfield (Liverpool),54074,53306,BrooksJ.(Eng),Liverpool,Aston Villa,1,1,False,True,False,1.5,4.9,5.8,8,5,8
18,Molineux Stadium (Wolverhampton),31750,31684,CooteD.(Eng),Wolves,Everton,1,1,False,True,False,3.1,3.5,2.32,9,1,6
19,King Power Stadium (Leicester),32261,32225,PawsonC.(Eng),Leicester,Liverpool,0,3,False,False,True,4.6,4.3,1.7,9,7,3
20,Emirates Stadium (London),60704,60139,MadleyA.(Eng),Arsenal,Brighton,0,3,False,False,True,1.75,4.3,4.2,8,5,3
21,Brentford Community Stadium (London),17250,17075,OliverM.(Eng),Brentford,West Ham,2,0,True,False,False,1.82,3.65,4.6,14,6,1
22,Goodison Park (Liverpool),39572,39376,TaylorA.(Eng),Everton,Manchester City,0,3,False,False,True,7.8,5.2,1.4,7,1,1
23,Villa Park (Birmingham),42789,42164,BankesP.(Eng),Aston Villa,Tottenham,2,1,True,False,False,2.3,3.65,3.05,6,11,6
24,Stamford Bridge (London),40341,40030,TierneyP.(Eng),Chelsea,Nottingham,2,2,False,True,False,1.57,4.3,5.8,8,3,4
25,Selhurst Park (London),25486,25034,SalisburyM.(Eng),Crystal Palace,Bournemouth,2,0,True,False,False,1.76,3.8,4.8,5,3,2
26,Old Trafford (Manchester),75635,73570,BrooksJ.(Eng),Manchester Utd,Wolves,2,0,True,False,False,1.38,5.4,8.0,9,1,5
27,St. Mary's Stadium (Southampton),32384,28978,BramallT.(Eng),Southampton,Fulham,0,2,False,False,True,2.7,3.45,2.6,5,5,2
28,City Ground (Nottingham),30404,29154,OliverM.(Eng),Nottingham,Southampton,4,3,True,False,False,2.02,3.5,3.85,9,4,1
29,Amex Stadium (Brighton),31876,31567,HooperS.(Eng),Brighton,Everton,1,5,False,False,True,1.35,5.6,8.2,10,2,5
30,Craven Cottage (London),26600,24442,JonesR.(Eng),Fulham,Leicester,5,3,True,False,False,2.7,3.35,2.7,16,5,3
31,London Stadium (London),62500,62477,BankesP.(Eng),West Ham,Manchester Utd,1,0,True,False,False,3.55,3.7,2.04,8,2,2
32,St. James' Park (Newcastle),52305,50267,KavanaghC.(Eng),Newcastle,Arsenal,0,2,False,False,True,2.33,3.8,2.9,11,1,3
33,Anfield (Liverpool),54074,52838,TaylorA.(Eng),Liverpool,Brentford,1,0,True,False,False,1.43,5.2,6.6,6,3,6
34,Vitality Stadium (Bournemouth),11307,10357,BrooksJ.(Eng),Bournemouth,Chelsea,1,3,False,False,True,3.55,3.7,2.06,9,1,4
35,Etihad Stadium (Manchester),55097,53406,MadleyA.(Eng),Manchester City,Leeds,2,1,True,False,False,1.17,8.4,15.0,8,7,3
36,Tottenham Hotspur Stadium (London),62850,61093,EnglandD.(Eng),Tottenham,Crystal Palace,1,0,True,False,False,1.83,3.85,4.2,5,1,8
37,Amex Stadium (Brighton),31876,31577,MarrinerA.(Eng),Brighton,Manchester Utd,1,0,True,False,False,2.17,3.85,3.1,11,2,8
38,Anfield (Liverpool),54074,52602,AttwellS.(Eng),Liverpool,Fulham,1,0,True,False,False,1.31,6.0,9.0,6,5,0
39,Emirates Stadium (London),60704,60144,JonesR.(Eng),Arsenal,Chelsea,3,1,True,False,False,1.62,4.4,5.4,14,1,2
40,King Power Stadium (Leicester),32261,32173,OliverM.(Eng),Leicester,Everton,2,2,False,True,False,2.03,3.45,3.85,14,9,5
41,Anfield (Liverpool),54074,53275,TierneyP.(Eng),Liverpool,Tottenham,4,3,True,False,False,1.57,4.9,5.2,11,5,5
42,Vitality Stadium (Bournemouth),11307,10434,KavanaghC.(Eng),Bournemouth,Leeds,4,1,True,False,False,2.5,3.4,2.9,13,3,1
43,Craven Cottage (London),26600,24498,HooperS.(Eng),Fulham,Manchester City,1,2,False,False,True,10.0,6.0,1.3,10,4,4
44,Old Trafford (Manchester),75635,73592,GillettJ.(Aus),Manchester Utd,Aston Villa,1,0,True,False,False,1.75,4.2,4.4,7,10,2
45,St. James' Park (Newcastle),52305,52234,TaylorA.(Eng),Newcastle,Southampton,3,1,True,False,False,1.25,6.4,12.0,8,3,5
46,Brentford Community Stadium (London),17250,17080,BankesP.(Eng),Brentford,Nottingham,2,1,True,False,False,1.76,3.75,4.9,11,2,3
47,Amex Stadium (Brighton),31876,31584,CooteD.(Eng),Brighton,Wolves,6,0,True,False,False,1.62,4.2,5.4,10,2,2
48,Tottenham Hotspur Stadium (London),62850,61586,TaylorA.(Eng),Tottenham,Manchester Utd,2,2,False,True,False,2.85,3.75,2.41,15,5,3
49,Goodison Park (Liverpool),39572,39248,MarrinerA.(Eng),Everton,Newcastle,1,4,False,False,True,4.4,3.7,1.85,13,4,3
50,St. Mary's Stadium (Southampton),32384,30414,EnglandD.(Eng),Southampton,Bournemouth,0,1,False,False,True,2.6,3.3,2.85,4,6,3
51,Etihad Stadium (Manchester),55097,53482,OliverM.(Eng),Manchester City,Arsenal,4,1,True,False,False,1.67,4.2,5.0,11,1,4
52,Stamford Bridge (London),40341,39929,MadleyA.(Eng),Chelsea,Brentford,0,2,False,False,True,1.79,3.65,4.8,5,2,3
53,London Stadium (London),62500,62473,KavanaghC.(Eng),West Ham,Liverpool,1,2,False,False,True,3.55,3.85,2.0,6,2,0
54,City Ground (Nottingham),30404,28808,GillettJ.(Aus),Nottingham,Brighton,3,1,True,False,False,5.2,4.3,1.62,12,3,2
55,Elland Road (Leeds),37792,36666,TierneyP.(Eng),Leeds,Leicester,1,1,False,True,False,2.35,3.65,2.95,6,10,6
56,Villa Park (Birmingham),42789,41046,BramallT.(Eng),Aston Villa,Fulham,1,0,True,False,False,1.74,3.85,4.8,3,5,5
57,Vitality Stadium (Bournemouth),11307,10465,TaylorA.(Eng),Bournemouth,West Ham,0,4,False,False,True,2.95,3.3,2.5,15,3,3
58,St. James' Park (Newcastle),52305,52252,CooteD.(Eng),Newcastle,Tottenham,6,1,True,False,False,1.92,3.75,4.0,11,2,3
59,Brentford Community Stadium (London),17250,17098,SalisburyM.(Eng),Brentford,Aston Villa,1,1,False,True,False,2.65,3.3,2.8,7,9,5
60,Selhurst Park (London),25486,25202,BrooksJ.(Eng),Crystal Palace,Everton,0,0,False,True,False,1.97,3.4,4.2,7,4,4
61,King Power Stadium (Leicester),32261,32053,MadleyA.(Eng),Leicester,Wolves,2,1,True,False,False,2.46,3.3,3.0,11,4,4
62,Anfield (Liverpool),54074,53254,OliverM.(Eng),Liverpool,Nottingham,3,2,True,False,False,1.17,8.2,17.0,11,5,1
63,Craven Cottage (London),26600,24356,BankesP.(Eng),Fulham,Leeds,2,1,True,False,False,2.4,3.5,3.0,7,7,5
64,Elland Road (Leeds),37792,36657,PawsonC.(Eng),Leeds,Liverpool,1,6,False,False,True,4.5,4.4,1.7,10,3,1
65,City Ground (Nottingham),30404,29435,HooperS.(Eng),Nottingham,Manchester Utd,0,2,False,False,True,4.8,4.1,1.7,8,4,4
66,London Stadium (London),62500,62475,CooteD.(Eng),West Ham,Arsenal,2,2,False,True,False,5.4,4.3,1.62,8,5,3
67,Etihad Stadium (Manchester),55097,53329,EnglandD.(Eng),Manchester City,Leicester,3,1,True,False,False,1.14,9.0,19.0,8,3,2
68,Stamford Bridge (London),40341,40126,JonesR.(Eng),Chelsea,Brighton,1,2,False,False,True,2.95,3.45,2.45,12,2,4
69,Goodison Park (Liverpool),39572,39241,TaylorA.(Eng),Everton,Fulham,1,3,False,False,True,2.27,3.3,3.4,14,1,5
70,St. Mary's Stadium (Southampton),32384,30309,OliverM.(Eng),Southampton,Crystal Palace,0,2,False,False,True,2.95,3.1,2.65,6,4,4
71,Tottenham Hotspur Stadium (London),62850,61369,MadleyA.(Eng),Tottenham,Bournemouth,2,3,False,False,True,1.51,4.6,6.2,14,2,4
72,Molineux Stadium (Wolverhampton),31750,30769,TierneyP.(Eng),Wolves,Brentford,2,0,True,False,False,2.8,3.2,2.7,12,1,2
73,Anfield (Liverpool),54074,53267,TierneyP.(Eng),Liverpool,Arsenal,2,2,False,True,False,2.75,3.6,2.6,11,4,8
74,Elland Road (Leeds),37792,36427,HooperS.(Eng),Leeds,Crystal Palace,1,5,False,False,True,2.06,3.5,3.7,15,4,4
75,St. Mary's Stadium (Southampton),32384,30963,JonesR.(Eng),Southampton,Manchester City,1,4,False,False,True,11.0,6.2,1.27,9,2,2
76,Villa Park (Birmingham),42789,42076,TaylorA.(Eng),Aston Villa,Nottingham,2,0,True,False,False,1.59,4.2,5.8,5,8,7
77,Brentford Community Stadium (London),17250,17107,KavanaghC.(Eng),Brentford,Newcastle,1,2,False,False,True,4.1,3.55,1.95,10,4,2
78,Craven Cottage (London),26600,24491,GillettJ.(Aus),Fulham,West Ham,0,1,False,False,True,2.95,3.25,2.55,8,2,2
79,King Power Stadium (Leicester),32261,32094,CooteD.(Eng),Leicester,Bournemouth,0,1,False,False,True,2.11,3.5,3.55,11,5,3
80,Tottenham Hotspur Stadium (London),62850,61405,AttwellS.(Eng),Tottenham,Brighton,2,1,True,False,False,2.75,3.45,2.6,7,3,4
81,Molineux Stadium (Wolverhampton),31750,31614,BankesP.(Eng),Wolves,Chelsea,1,0,True,False,False,5.0,3.65,1.77,5,3,7
82,Vitality Stadium (Bournemouth),11307,10266,BondD.(Eng),Bournemouth,Brighton,0,2,False,False,True,5.8,4.4,1.57,9,1,2
83,Elland Road (Leeds),37792,36740,JonesR.(Eng),Leeds,Nottingham,2,1,True,False,False,1.7,3.95,5.0,7,6,5
84,Goodison Park (Liverpool),39572,39294,CooteD.(Eng),Everton,Tottenham,1,1,False,True,False,3.75,3.35,2.1,8,4,3
85,St. James' Park (Newcastle),52305,52268,AttwellS.(Eng),Newcastle,Manchester Utd,2,0,True,False,False,2.32,3.55,3.05,7,1,0
86,London Stadium (London),62500,62465,TierneyP.(Eng),West Ham,Southampton,1,0,True,False,False,1.76,3.75,4.9,5,2,2
87,Stamford Bridge (London),40341,40082,MadleyA.(Eng),Chelsea,Aston Villa,0,2,False,False,True,1.62,4.0,5.8,10,2,6
88,Emirates Stadium (London),60704,60283,EnglandD.(Eng),Arsenal,Leeds,4,1,True,False,False,1.28,6.4,10.0,11,6,2
89,Vitality Stadium (Bournemouth),11307,10305,BankesP.(Eng),Bournemouth,Fulham,2,1,True,False,False,2.55,3.25,2.9,9,2,5
90,Amex Stadium (Brighton),31876,31493,OliverM.(Eng),Brighton,Brentford,3,3,False,True,False,1.63,4.2,5.4,20,4,3
91,Selhurst Park (London),25486,25143,RobinsonT.(Eng),Crystal Palace,Leicester,2,1,True,False,False,2.4,3.3,3.1,11,3,7
92,City Ground (Nottingham),30404,29368,KavanaghC.(Eng),Nottingham,Wolves,1,1,False,True,False,3.3,3.1,2.41,8,2,8
93,Emirates Stadium (London),60704,60247,AttwellS.(Eng),Arsenal,Crystal Palace,4,1,True,False,False,1.27,6.0,12.0,10,4,1
94,Stamford Bridge (London),40341,40025,EnglandD.(Eng),Chelsea,Everton,2,2,False,True,False,1.51,4.2,7.2,10,3,4
95,Villa Park (Birmingham),42789,41021,JonesR.(Eng),Aston Villa,Bournemouth,3,0,True,False,False,1.72,3.9,4.9,12,2,5
96,Brentford Community Stadium (London),17250,17006,BondD.(Eng),Brentford,Leicester,1,1,False,True,False,1.87,3.9,4.1,3,4,5
97,St. Mary's Stadium (Southampton),32384,30157,HooperS.(Eng),Southampton,Tottenham,3,3,False,True,False,4.5,3.65,1.83,10,3,2
98,Molineux Stadium (Wolverhampton),31750,31570,SalisburyM.(Eng),Wolves,Leeds,2,4,False,False,True,2.41,3.25,3.15,12,2,8
99,St. James' Park (Newcastle),52305,52240,MadleyA.(Eng),Newcastle,Wolves,2,1,True,False,False,1.64,3.9,5.8,12,0,3
100,Craven Cottage (London),26600,24426,CooteD.(Eng),Fulham,Arsenal,0,3,False,False,True,7.2,4.8,1.45,9,4,1
101,Old Trafford (Manchester),75635,73439,TaylorA.(Eng),Manchester Utd,Southampton,0,0,False,True,False,1.28,6.2,10.0,8,2,2
102,London Stadium (London),62500,62472,KavanaghC.(Eng),West Ham,Aston Villa,1,1,False,True,False,2.32,3.25,3.3,10,7,1
103,Selhurst Park (London),25486,25844,JonesR.(Eng),Crystal Palace,Manchester City,0,1,False,False,True,9.4,5.0,1.36,4,5,4
104,Goodison Park (Liverpool),39572,39036,HooperS.(Eng),Everton,Brentford,1,0,True,False,False,2.65,3.1,2.9,10,4,3
105,Elland Road (Leeds),37792,36471,TierneyP.(Eng),Leeds,Brighton,2,2,False,True,False,4.3,3.8,1.84,6,6,2
106,King Power Stadium (Leicester),32261,32170,MarrinerA.(Eng),Leicester,Chelsea,1,3,False,False,True,4.0,3.65,1.94,13,4,5
107,Tottenham Hotspur Stadium (London),62850,61460,PawsonC.(Eng),Tottenham,Nottingham,3,1,True,False,False,1.46,4.6,7.4,12,2,4
108,Brentford Community Stadium (London),17250,17025,TaylorA.(Eng),Brentford,Fulham,3,2,True,False,False,2.03,3.55,3.75,11,4,3
109,Anfield (Liverpool),54074,53001,MadleyA.(Eng),Liverpool,Manchester Utd,7,0,True,False,False,2.5,3.7,2.8,12,4,5
110,City Ground (Nottingham),30404,29353,BrooksJ.(Eng),Nottingham,Everton,2,2,False,True,False,3.0,3.05,2.65,7,0,8
111,St. Mary's Stadium (Southampton),32384,30139,JonesR.(Eng),Southampton,Leicester,1,0,True,False,False,2.65,3.35,2.75,5,6,6
112,Emirates Stadium (London),60704,60222,KavanaghC.(Eng),Arsenal,Bournemouth,3,2,True,False,False,1.22,6.8,13.0,13,0,2
113,Villa Park (Birmingham),42789,41893,PawsonC.(Eng),Aston Villa,Crystal Palace,1,0,True,False,False,2.17,3.3,3.6,1,5,7
114,Amex Stadium (Brighton),31876,31523,AttwellS.(Eng),Brighton,West Ham,4,0,True,False,False,1.7,3.95,5.0,11,0,3
115,Stamford Bridge (London),40341,39905,OliverM.(Eng),Chelsea,Leeds,1,0,True,False,False,1.59,4.1,5.8,5,4,2
116,Molineux Stadium (Wolverhampton),31750,31585,RobinsonT.(Eng),Wolves,Tottenham,1,0,True,False,False,3.2,3.25,2.37,11,4,2
117,Anfield (Liverpool),54074,53027,TierneyP.(Eng),Liverpool,Wolves,2,0,True,False,False,1.52,4.5,6.2,7,4,5
118,Tottenham Hotspur Stadium (London),62850,61613,AttwellS.(Eng),Tottenham,Chelsea,2,0,True,False,False,2.9,3.35,2.55,5,2,5
119,Selhurst Park (London),25486,25842,EnglandD.(Eng),Crystal Palace,Liverpool,0,0,False,True,False,5.0,4.1,1.68,4,5,7
120,Vitality Stadium (Bournemouth),11307,10481,TierneyP.(Eng),Bournemouth,Manchester City,1,4,False,False,True,9.8,5.8,1.31,7,3,4
121,Goodison Park (Liverpool),39572,39309,TaylorA.(Eng),Everton,Aston Villa,0,2,False,False,True,2.6,3.15,2.95,10,1,3
122,Elland Road (Leeds),37792,36641,BankesP.(Eng),Leeds,Southampton,1,0,True,False,False,1.97,3.65,3.85,6,5,6
123,King Power Stadium (Leicester),32261,32227,PawsonC.(Eng),Leicester,Arsenal,0,1,False,False,True,5.6,4.4,1.58,2,8,1
124,London Stadium (London),62500,62469,GillettJ.(Aus),West Ham,Nottingham,4,0,True,False,False,1.7,3.8,5.4,8,2,0
125,Tottenham Hotspur Stadium (London),62850,61476,OliverM.(Eng),Tottenham,West Ham,2,0,True,False,False,1.87,3.55,4.4,7,0,3
126,Old Trafford (Manchester),75635,73578,AttwellS.(Eng),Manchester Utd,Leicester,3,0,True,False,False,1.56,4.6,5.6,11,1,2
127,St. James' Park (Newcastle),52305,52758,TaylorA.(Eng),Newcastle,Liverpool,0,2,False,False,True,2.5,3.5,2.85,11,3,2
128,Brentford Community Stadium (London),17250,17122,TierneyP.(Eng),Brentford,Crystal Palace,1,1,False,True,False,1.82,3.6,4.7,9,5,4
129,Amex Stadium (Brighton),31876,31619,EnglandD.(Eng),Brighton,Fulham,0,1,False,False,True,1.53,4.5,6.0,9,4,5
130,Stamford Bridge (London),40341,40152,CooteD.(Eng),Chelsea,Southampton,0,1,False,False,True,1.43,4.8,7.6,10,4,9
131,Goodison Park (Liverpool),39572,39232,MadleyA.(Eng),Everton,Leeds,1,0,True,False,False,2.8,3.2,2.7,6,1,5
132,City Ground (Nottingham),30404,29365,ScottG.(Eng),Nottingham,Manchester City,1,1,False,True,False,11.0,6.0,1.27,7,2,1
133,Molineux Stadium (Wolverhampton),31750,31222,SalisburyM.(Eng),Wolves,Bournemouth,0,1,False,False,True,1.82,3.65,4.6,5,2,6
134,Etihad Stadium (Manchester),55097,53392,JonesR.(Eng),Manchester City,Aston Villa,3,1,True,False,False,1.32,5.8,9.2,11,5,3
135,Elland Road (Leeds),37792,36919,TierneyP.(Eng),Leeds,Manchester Utd,0,2,False,False,True,3.65,3.8,1.99,11,6,3
136,Vitality Stadium (Bournemouth),11307,10419,AttwellS.(Eng),Bournemouth,Newcastle,1,1,False,True,False,5.6,4.0,1.63,12,7,5
137,Emirates Stadium (London),60704,60254,BankesP.(Eng),Arsenal,Brentford,1,1,False,True,False,1.51,4.5,6.4,0,0,0
138,Selhurst Park (London),25486,24827,OliverM.(Eng),Crystal Palace,Brighton,1,1,False,True,False,4.7,3.65,1.8,8,5,5
139,Craven Cottage (London),26600,24244,MadleyA.(Eng),Fulham,Nottingham,2,0,True,False,False,1.94,3.55,4.2,4,4,1
140,King Power Stadium (Leicester),32261,32184,SalisburyM.(Eng),Leicester,Tottenham,4,1,True,False,False,3.5,3.7,2.06,11,4,7
141,St. Mary's Stadium (Southampton),32384,29751,GillettJ.(Aus),Southampton,Wolves,1,2,False,False,True,3.05,3.2,2.5,4,3,6
142,Tottenham Hotspur Stadium (London),62850,61747,MadleyA.(Eng),Tottenham,Manchester City,1,0,True,False,False,4.0,3.95,1.91,8,3,7
143,City Ground (Nottingham),30404,29363,JonesR.(Eng),Nottingham,Leeds,1,0,True,False,False,2.75,3.4,2.6,6,5,6
144,St. James' Park (Newcastle),52305,52256,BankesP.(Eng),Newcastle,West Ham,1,1,False,True,False,1.68,3.9,5.4,3,2,3
145,Villa Park (Birmingham),42789,42055,EnglandD.(Eng),Aston Villa,Leicester,2,4,False,False,True,2.11,3.55,3.55,9,10,3
146,Brentford Community Stadium (London),17250,17051,BondD.(Eng),Brentford,Southampton,3,0,True,False,False,1.75,3.75,4.9,10,3,3
147,Amex Stadium (Brighton),31876,31600,PawsonC.(Eng),Brighton,Bournemouth,1,0,True,False,False,1.39,5.2,7.8,8,1,4
148,Old Trafford (Manchester),75635,73420,MarrinerA.(Eng),Manchester Utd,Crystal Palace,2,1,True,False,False,1.39,5.0,8.4,8,5,3
149,Molineux Stadium (Wolverhampton),31750,31664,TierneyP.(Eng),Wolves,Liverpool,3,0,True,False,False,3.9,3.75,1.93,10,3,2
150,Goodison Park (Liverpool),39572,39314,CooteD.(Eng),Everton,Arsenal,1,0,True,False,False,7.4,4.4,1.48,7,3,5
151,Craven Cottage (London),26600,24190,TierneyP.(Eng),Fulham,Tottenham,0,1,False,False,True,3.2,3.8,2.15,8,2,4
152,Emirates Stadium (London),60704,60325,TaylorA.(Eng),Arsenal,Manchester Utd,3,2,True,False,False,1.88,3.85,4.2,9,5,3
153,Elland Road (Leeds),37792,36260,BankesP.(Eng),Leeds,Brentford,0,0,False,True,False,2.39,3.55,2.95,5,2,4
154,Etihad Stadium (Manchester),55097,53282,CooteD.(Eng),Manchester City,Wolves,3,0,True,False,False,1.26,6.4,11.0,8,1,3
155,Selhurst Park (London),25486,25350,PawsonC.(Eng),Crystal Palace,Newcastle,0,0,False,True,False,4.4,3.65,1.85,8,1,6
156,Vitality Stadium (Bournemouth),11307,10248,MadleyA.(Eng),Bournemouth,Nottingham,1,1,False,True,False,2.8,3.2,2.7,9,4,3
157,King Power Stadium (Leicester),32261,32056,BramallT.(Eng),Leicester,Brighton,2,2,False,True,False,4.1,3.95,1.84,6,2,1
158,St. Mary's Stadium (Southampton),32384,30158,SalisburyM.(Eng),Southampton,Aston Villa,0,1,False,False,True,2.7,3.2,2.85,10,3,3
159,London Stadium (London),62500,62470,AttwellS.(Eng),West Ham,Everton,2,0,True,False,False,1.86,3.6,4.5,6,3,2
160,Etihad Stadium (Manchester),55097,53088,HooperS.(Eng),Manchester City,Tottenham,4,2,True,False,False,1.51,4.9,6.2,9,1,3
161,Tottenham Hotspur Stadium (London),62850,61870,PawsonC.(Eng),Tottenham,Arsenal,0,2,False,False,True,3.4,3.5,2.23,12,3,6
162,Stamford Bridge (London),40341,40075,BankesP.(Eng),Chelsea,Crystal Palace,1,0,True,False,False,1.88,3.45,4.6,10,4,7
163,Brentford Community Stadium (London),17250,17031,GillettJ.(Aus),Brentford,Bournemouth,2,0,True,False,False,1.64,4.0,5.6,6,3,2
164,Amex Stadium (Brighton),31876,31645,EnglandD.(Eng),Brighton,Liverpool,3,0,True,False,False,2.85,3.75,2.36,11,6,4
165,Goodison Park (Liverpool),39572,39305,BrooksJ.(Eng),Everton,Southampton,1,2,False,False,True,2.39,3.2,3.2,9,5,3
166,City Ground (Nottingham),30404,29301,TierneyP.(Eng),Nottingham,Leicester,2,0,True,False,False,2.75,3.15,2.8,6,3,3
167,Molineux Stadium (Wolverhampton),31750,31511,HooperS.(Eng),Wolves,West Ham,1,0,True,False,False,2.55,3.15,3.05,8,5,2
168,Old Trafford (Manchester),75635,75546,AttwellS.(Eng),Manchester Utd,Manchester City,2,1,True,False,False,4.0,3.95,1.9,5,8,3
169,Stamford Bridge (London),40341,39998,TierneyP.(Eng),Chelsea,Manchester City,0,1,False,False,True,5.2,4.2,1.66,5,3,2
170,Villa Park (Birmingham),42789,39978,GillettJ.(Aus),Aston Villa,Wolves,1,1,False,True,False,1.96,3.45,4.1,7,5,4
171,Selhurst Park (London),25486,25132,OliverM.(Eng),Crystal Palace,Tottenham,0,4,False,False,True,3.3,3.4,2.27,10,3,3
172,Elland Road (Leeds),37792,36173,CooteD.(Eng),Leeds,West Ham,2,2,False,True,False,2.9,3.35,2.5,8,6,4
173,St. Mary's Stadium (Southampton),32384,25000,BramallT.(Eng),Southampton,Nottingham,0,1,False,False,True,2.33,3.3,3.25,0,0,0
174,Old Trafford (Manchester),75635,73322,SalisburyM.(Eng),Manchester Utd,Bournemouth,3,0,True,False,False,1.26,6.4,11.0,10,2,3
175,Emirates Stadium (London),60704,60319,MadleyA.(Eng),Arsenal,Newcastle,0,0,False,True,False,1.75,3.9,4.7,5,5,8
176,Goodison Park (Liverpool),39572,39103,MarrinerA.(Eng),Everton,Brighton,1,4,False,False,True,3.2,3.35,2.35,12,1,4
177,King Power Stadium (Leicester),32261,30813,BondD.(Eng),Leicester,Fulham,0,1,False,False,True,2.42,3.65,2.85,8,1,8
178,City Ground (Nottingham),30404,29229,BankesP.(Eng),Nottingham,Chelsea,1,1,False,True,False,5.6,4.1,1.61,7,4,4
179,Tottenham Hotspur Stadium (London),62850,61651,BrooksJ.(Eng),Tottenham,Aston Villa,0,2,False,False,True,1.66,4.2,5.0,6,1,7
180,Amex Stadium (Brighton),31876,31647,TaylorA.(Eng),Brighton,Arsenal,2,4,False,False,True,4.2,3.75,1.87,12,5,6
181,Vitality Stadium (Bournemouth),11307,9972,MarrinerA.(Eng),Bournemouth,Crystal Palace,0,2,False,False,True,2.9,3.2,2.65,8,2,5
182,Craven Cottage (London),26600,24344,ScottG.(Eng),Fulham,Southampton,2,1,True,False,False,1.83,3.85,4.3,5,1,1
183,Etihad Stadium (Manchester),55097,53444,MadleyA.(Eng),Manchester City,Everton,1,1,False,True,False,1.16,8.4,17.0,4,5,7
184,St. James' Park (Newcastle),52305,52211,HooperS.(Eng),Newcastle,Leeds,0,0,False,True,False,1.46,4.8,6.8,6,3,8
185,Molineux Stadium (Wolverhampton),31750,31658,JonesR.(Eng),Wolves,Manchester Utd,0,1,False,False,True,4.0,3.65,1.93,9,3,4
186,Anfield (Liverpool),54074,53343,PawsonC.(Eng),Liverpool,Leicester,2,1,True,False,False,1.24,6.8,12.0,7,7,1
187,Elland Road (Leeds),37792,36889,AttwellS.(Eng),Leeds,Manchester City,1,3,False,False,True,9.8,6.6,1.27,10,1,6
188,Old Trafford (Manchester),75635,73608,TaylorA.(Eng),Manchester Utd,Nottingham,3,0,True,False,False,1.35,5.6,8.2,11,3,4
189,Stamford Bridge (London),40341,40046,HooperS.(Eng),Chelsea,Bournemouth,2,0,True,False,False,1.35,5.4,8.8,9,3,0
190,Emirates Stadium (London),60704,60125,OliverM.(Eng),Arsenal,West Ham,3,1,True,False,False,1.56,4.4,5.8,9,3,2
191,Villa Park (Birmingham),42789,42085,TierneyP.(Eng),Aston Villa,Liverpool,1,3,False,False,True,4.7,4.1,1.72,15,6,0
192,Selhurst Park (London),25486,25176,MadleyA.(Eng),Crystal Palace,Fulham,0,3,False,False,True,2.23,3.55,3.25,11,3,2
193,Goodison Park (Liverpool),39572,39252,PawsonC.(Eng),Everton,Wolves,1,2,False,False,True,2.5,3.25,3.0,10,3,7
194,King Power Stadium (Leicester),32261,32185,GillettJ.(Aus),Leicester,Newcastle,0,3,False,False,True,3.5,3.55,2.12,7,4,0
195,St. Mary's Stadium (Southampton),32384,31010,JonesR.(Eng),Southampton,Brighton,1,3,False,False,True,3.55,3.5,2.12,8,1,3
196,Craven Cottage (London),26600,24246,TierneyP.(Eng),Fulham,Manchester Utd,1,2,False,False,True,4.1,3.85,1.86,16,3,2
197,Amex Stadium (Brighton),31876,31581,KavanaghC.(Eng),Brighton,Aston Villa,1,2,False,False,True,1.75,3.75,4.9,4,4,9
198,Molineux Stadium (Wolverhampton),31750,34624,AttwellS.(Eng),Wolves,Arsenal,0,2,False,False,True,6.0,4.2,1.57,6,4,5
199,St. James' Park (Newcastle),52305,52264,JonesR.(Eng),Newcastle,Chelsea,1,0,True,False,False,2.23,3.35,3.4,5,3,6
200,Vitality Stadium (Bournemouth),11307,10382,PawsonC.(Eng),Bournemouth,Everton,3,0,True,False,False,2.85,3.25,2.65,12,2,2
201,Anfield (Liverpool),54074,53331,HooperS.(Eng),Liverpool,Southampton,3,1,True,False,False,1.27,6.6,9.8,12,2,2
202,City Ground (Nottingham),30404,29045,BrooksJ.(Eng),Nottingham,Crystal Palace,1,0,True,False,False,3.35,3.15,2.34,2,3,5
203,Tottenham Hotspur Stadium (London),62850,61667,SalisburyM.(Eng),Tottenham,Leeds,4,3,True,False,False,1.63,4.3,5.0,13,1,4
204,London Stadium (London),62500,62459,GillettJ.(Aus),West Ham,Leicester,0,2,False,False,True,2.08,3.55,3.6,12,2,4
205,Tottenham Hotspur Stadium (London),62850,62008,MadleyA.(Eng),Tottenham,Liverpool,1,2,False,False,True,3.6,3.85,2.03,11,3,0
206,Villa Park (Birmingham),42789,42058,TaylorA.(Eng),Aston Villa,Manchester Utd,3,1,True,False,False,3.2,3.5,2.26,7,3,6
207,St. Mary's Stadium (Southampton),32384,30402,AttwellS.(Eng),Southampton,Newcastle,1,4,False,False,True,4.4,3.75,1.84,9,5,1
208,London Stadium (London),62500,62451,TierneyP.(Eng),West Ham,Crystal Palace,1,2,False,False,True,1.88,3.6,4.4,8,4,2
209,Stamford Bridge (London),40341,40142,OliverM.(Eng),Chelsea,Arsenal,0,1,False,False,True,2.75,3.45,2.65,3,3,7
210,Goodison Park (Liverpool),39572,39206,CooteD.(Eng),Everton,Leicester,0,2,False,False,True,2.48,3.4,2.95,10,1,0
211,Elland Road (Leeds),37792,36304,HarringtonT.(Eng),Leeds,Bournemouth,4,3,True,False,False,1.64,4.2,5.2,10,0,4
212,Etihad Stadium (Manchester),55097,52395,EnglandD.(Eng),Manchester City,Fulham,2,1,True,False,False,1.19,7.8,14.0,7,3,6
213,City Ground (Nottingham),30404,28869,MarrinerA.(Eng),Nottingham,Brentford,2,2,False,True,False,2.6,3.2,2.9,9,2,4
214,Old Trafford (Manchester),75635,73682,KavanaghC.(Eng),Manchester Utd,West Ham,1,0,True,False,False,1.73,3.9,4.9,8,3,4
215,Emirates Stadium (London),60704,60263,HooperS.(Eng),Arsenal,Nottingham,5,0,True,False,False,1.23,6.6,13.0,12,3,1
216,Anfield (Liverpool),54074,53274,OliverM.(Eng),Liverpool,Leeds,1,2,False,False,True,1.23,7.0,11.0,16,0,1
217,Craven Cottage (London),26600,23534,BrooksJ.(Eng),Fulham,Everton,0,0,False,True,False,2.29,3.45,3.2,10,5,3
218,Vitality Stadium (Bournemouth),11307,10430,TaylorA.(Eng),Bournemouth,Tottenham,2,3,False,False,True,4.9,3.8,1.74,11,3,3
219,Brentford Community Stadium (London),17250,17051,MadleyR.(Eng),Brentford,Wolves,1,1,False,True,False,2.17,3.55,3.4,7,1,6
220,Amex Stadium (Brighton),31876,31746,MadleyA.(Eng),Brighton,Chelsea,4,1,True,False,False,3.05,3.4,2.4,16,0,3
221,Selhurst Park (London),25486,25130,SalisburyM.(Eng),Crystal Palace,Southampton,1,0,True,False,False,2.11,3.4,3.7,7,8,6
222,St. James' Park (Newcastle),52305,52223,TierneyP.(Eng),Newcastle,Aston Villa,4,0,True,False,False,1.78,3.85,4.6,7,5,2
223,London Stadium (London),62500,62447,CooteD.(Eng),West Ham,Bournemouth,2,0,True,False,False,1.61,4.1,5.8,7,1,2
224,Tottenham Hotspur Stadium (London),62850,61726,GillettJ.(Aus),Tottenham,Newcastle,1,2,False,False,True,2.21,3.5,3.3,0,0,0
225,Villa Park (Birmingham),42789,41693,EnglandD.(Eng),Aston Villa,Brentford,4,0,True,False,False,2.08,3.5,3.65,14,1,1
226,Elland Road (Leeds),37792,36447,TaylorA.(Eng),Leeds,Fulham,2,3,False,False,True,2.09,3.75,3.4,10,8,2
227,St. Mary's Stadium (Southampton),32384,31145,JonesR.(Eng),Southampton,Arsenal,1,1,False,True,False,6.8,4.8,1.46,6,7,3
228,Molineux Stadium (Wolverhampton),31750,31425,OliverM.(Eng),Wolves,Leicester,0,4,False,False,True,2.36,3.35,3.15,9,6,3
229,Stamford Bridge (London),40341,39503,AttwellS.(Eng),Chelsea,Manchester Utd,1,1,False,True,False,2.18,3.6,3.4,8,5,5
230,Goodison Park (Liverpool),39572,38939,HooperS.(Eng),Everton,Crystal Palace,3,0,True,False,False,2.55,3.15,3.05,8,3,7
231,Etihad Stadium (Manchester),55097,53223,PawsonC.(Eng),Manchester City,Brighton,3,1,True,False,False,1.24,6.6,12.0,6,4,4
232,King Power Stadium (Leicester),32261,30814,BankesP.(Eng),Leicester,Leeds,2,0,True,False,False,2.28,3.55,3.15,3,6,3
233,Craven Cottage (London),26600,23508,OliverM.(Eng),Fulham,Aston Villa,3,0,True,False,False,2.95,3.4,2.46,14,3,2
234,Old Trafford (Manchester),75635,73677,HooperS.(Eng),Manchester Utd,Tottenham,2,0,True,False,False,2.38,3.55,3.05,12,4,1
235,Vitality Stadium (Bournemouth),11307,10405,BrooksJ.(Eng),Bournemouth,Southampton,0,1,False,False,True,2.7,3.25,2.75,6,2,4
236,Brentford Community Stadium (London),17250,17118,GillettJ.(Aus),Brentford,Chelsea,0,0,False,True,False,4.3,3.75,1.84,10,2,0
237,Anfield (Liverpool),54074,53346,AttwellS.(Eng),Liverpool,West Ham,1,0,True,False,False,1.44,5.0,6.8,10,1,0
238,St. James' Park (Newcastle),52305,52247,HarringtonT.(Eng),Newcastle,Everton,1,0,True,False,False,1.7,3.9,5.0,4,3,6
239,Selhurst Park (London),25486,25125,CooteD.(Eng),Crystal Palace,Wolves,2,1,True,False,False,2.12,3.3,3.8,8,4,4
240,Anfield (Liverpool),54074,53286,TaylorA.(Eng),Liverpool,Manchester City,1,0,True,False,False,3.7,4.2,1.92,8,3,4
241,Villa Park (Birmingham),42789,41754,JonesR.(Eng),Aston Villa,Chelsea,0,2,False,False,True,3.95,3.5,1.99,11,4,3
242,Elland Road (Leeds),37792,36700,KavanaghC.(Eng),Leeds,Arsenal,0,1,False,False,True,5.0,4.3,1.63,8,4,2
243,Old Trafford (Manchester),75635,73726,PawsonC.(Eng),Manchester Utd,Newcastle,0,0,False,True,False,1.95,3.95,3.65,4,2,4
244,St. Mary's Stadium (Southampton),32384,29159,BankesP.(Eng),Southampton,West Ham,1,1,False,True,False,2.95,3.35,2.47,0,0,0
245,Tottenham Hotspur Stadium (London),62850,61812,TierneyP.(Eng),Tottenham,Everton,2,0,True,False,False,1.47,4.7,6.8,7,0,5
246,Craven Cottage (London),26600,20000,ScottG.(Eng),Fulham,Bournemouth,2,2,False,True,False,1.97,3.65,3.9,10,1,2
247,Molineux Stadium (Wolverhampton),31750,31554,BramallT.(Eng),Wolves,Nottingham,1,0,True,False,False,1.73,3.85,5.0,4,3,4
248,King Power Stadium (Leicester),32261,31298,MadleyA.(Eng),Leicester,Crystal Palace,0,0,False,True,False,2.38,3.5,3.0,6,3,4
249,City Ground (Nottingham),30404,29208,TaylorA.(Eng),Nottingham,Aston Villa,1,1,False,True,False,3.75,3.6,2.02,5,3,6
250,Goodison Park (Liverpool),39572,39258,CooteD.(Eng),Everton,Manchester Utd,1,2,False,False,True,3.45,3.6,2.11,6,5,3
251,Emirates Stadium (London),60704,60059,OliverM.(Eng),Arsenal,Liverpool,3,2,True,False,False,2.55,3.8,2.65,10,9,3
252,Selhurst Park (London),25486,25042,TierneyP.(Eng),Crystal Palace,Leeds,2,1,True,False,False,2.08,3.6,3.55,9,4,6
253,London Stadium (London),62500,62454,KavanaghC.(Eng),West Ham,Fulham,3,1,True,False,False,1.64,4.1,5.4,10,3,4
254,Amex Stadium (Brighton),31876,31498,HarringtonT.(Eng),Brighton,Tottenham,0,1,False,False,True,2.6,3.35,2.8,7,5,3
255,Vitality Stadium (Bournemouth),11307,10272,SalisburyM.(Eng),Bournemouth,Leicester,2,1,True,False,False,3.2,3.55,2.24,9,3,3
256,Stamford Bridge (London),40341,39940,HooperS.(Eng),Chelsea,Wolves,3,0,True,False,False,1.53,4.3,6.6,9,3,2
257,Etihad Stadium (Manchester),55097,53365,MadleyA.(Eng),Manchester City,Southampton,4,0,True,False,False,1.13,9.8,19.0,8,2,1
258,King Power Stadium (Leicester),32261,32202,JonesR.(Eng),Leicester,Nottingham,4,0,True,False,False,1.73,4.1,4.7,10,7,6
259,Elland Road (Leeds),37792,36582,AttwellS.(Eng),Leeds,Aston Villa,0,0,False,True,False,2.45,3.45,2.95,8,2,7
260,Etihad Stadium (Manchester),55097,53475,OliverM.(Eng),Manchester City,Manchester Utd,6,3,True,False,False,1.45,5.4,6.6,18,1,3
261,London Stadium (London),62500,62437,TierneyP.(Eng),West Ham,Wolves,2,0,True,False,False,2.05,3.4,3.9,9,3,4
262,Vitality Stadium (Bournemouth),11307,10126,BramallT.(Eng),Bournemouth,Brentford,0,0,False,True,False,3.15,3.5,2.3,5,3,3
263,Selhurst Park (London),25486,25000,KavanaghC.(Eng),Crystal Palace,Chelsea,1,2,False,False,True,4.8,3.8,1.76,6,1,4
264,Craven Cottage (London),26600,22913,EnglandD.(Eng),Fulham,Newcastle,1,4,False,False,True,2.85,3.45,2.5,11,12,2
265,Anfield (Liverpool),54074,53000,MadleyA.(Eng),Liverpool,Brighton,3,3,False,True,False,1.47,4.9,6.4,13,1,2
266,St. Mary's Stadium (Southampton),32384,30510,MarrinerA.(Eng),Southampton,Everton,1,2,False,False,True,2.36,3.35,3.15,11,1,4
267,Goodison Park (Liverpool),39572,39298,OliverM.(Eng),Everton,West Ham,1,0,True,False,False,2.95,3.3,2.5,6,2,4
268,Brentford Community Stadium (London),17250,17122,CooteD.(Eng),Brentford,Arsenal,0,3,False,False,True,4.4,3.9,1.79,9,4,2
269,Tottenham Hotspur Stadium (London),62850,61450,HooperS.(Eng),Tottenham,Leicester,6,2,True,False,False,1.55,4.6,5.6,18,1,2
270,St. James' Park (Newcastle),52305,52238,PawsonC.(Eng),Newcastle,Bournemouth,1,1,False,True,False,1.42,4.9,7.6,10,4,4
271,Molineux Stadium (Wolverhampton),31750,31578,TaylorA.(Eng),Wolves,Manchester City,0,3,False,False,True,8.8,5.6,1.34,8,1,3
272,Villa Park (Birmingham),42789,40758,HarringtonT.(Eng),Aston Villa,Southampton,1,0,True,False,False,2.1,3.55,3.55,4,1,4
273,Old Trafford (Manchester),75635,74000,TierneyP.(Eng),Manchester Utd,Arsenal,3,1,True,False,False,2.7,3.55,2.65,9,4,6
274,Amex Stadium (Brighton),31876,31185,HarringtonT.(Eng),Brighton,Leicester,5,2,True,False,False,1.92,3.6,4.1,15,5,2
275,Villa Park (Birmingham),42789,41830,HooperS.(Eng),Aston Villa,Manchester City,1,1,False,True,False,8.4,5.8,1.34,5,8,2
276,Brentford Community Stadium (London),17250,16946,JonesR.(Eng),Brentford,Leeds,5,2,True,False,False,2.16,3.6,3.35,14,2,4
277,Stamford Bridge (London),40341,39923,MadleyA.(Eng),Chelsea,West Ham,2,1,True,False,False,1.69,3.95,5.2,6,2,6
278,St. James' Park (Newcastle),52305,51863,SalisburyM.(Eng),Newcastle,Crystal Palace,0,0,False,True,False,2.1,3.4,3.7,15,3,3
279,City Ground (Nottingham),30404,28720,OliverM.(Eng),Nottingham,Bournemouth,2,3,False,False,True,2.2,3.35,3.5,6,2,3
280,Tottenham Hotspur Stadium (London),62850,61641,AttwellS.(Eng),Tottenham,Fulham,2,1,True,False,False,1.52,4.7,6.0,13,3,7
281,Molineux Stadium (Wolverhampton),31750,30546,BrooksJ.(Eng),Wolves,Southampton,1,0,True,False,False,2.19,3.5,3.35,3,1,6
282,King Power Stadium (Leicester),32261,32226,PawsonC.(Eng),Leicester,Manchester Utd,0,1,False,False,True,3.15,3.75,2.19,4,2,4
283,Anfield (Liverpool),54074,53316,MarrinerA.(Eng),Liverpool,Newcastle,2,1,True,False,False,1.28,6.4,9.6,8,4,2
284,London Stadium (London),62500,62450,BankesP.(Eng),West Ham,Tottenham,1,1,False,True,False,3.25,3.55,2.23,7,1,7
285,Emirates Stadium (London),60704,60012,JonesR.(Eng),Arsenal,Aston Villa,2,1,True,False,False,1.56,4.5,5.6,12,2,5
286,Vitality Stadium (Bournemouth),11307,10113,TaylorA.(Eng),Bournemouth,Wolves,0,0,False,True,False,3.25,3.25,2.35,6,3,3
287,Etihad Stadium (Manchester),55097,53409,TierneyP.(Eng),Manchester City,Nottingham,6,0,True,False,False,1.1,11.0,25.0,10,4,1
288,Elland Road (Leeds),37792,36338,EnglandD.(Eng),Leeds,Everton,1,1,False,True,False,2.14,3.6,3.4,7,4,6
289,St. Mary's Stadium (Southampton),32384,25000,OliverM.(Eng),Southampton,Chelsea,2,1,True,False,False,5.0,4.1,1.67,11,3,3
290,Selhurst Park (London),25486,25043,HooperS.(Eng),Crystal Palace,Brentford,1,1,False,True,False,2.05,3.55,3.7,7,1,3
291,City Ground (Nottingham),30404,29296,PawsonC.(Eng),Nottingham,Tottenham,0,2,False,False,True,6.6,4.9,1.47,0,0,0
292,Villa Park (Birmingham),42789,41796,CooteD.(Eng),Aston Villa,West Ham,0,1,False,False,True,2.13,3.4,3.6,5,3,2
293,Molineux Stadium (Wolverhampton),31750,31000,BankesP.(Eng),Wolves,Newcastle,1,1,False,True,False,2.5,3.3,2.95,10,4,3
294,Emirates Stadium (London),60704,60164,GillettJ.(Aus),Arsenal,Fulham,2,1,True,False,False,1.42,5.2,7.0,11,1,5
295,Brentford Community Stadium (London),17250,17009,BrooksJ.(Eng),Brentford,Everton,1,1,False,True,False,2.1,3.4,3.7,12,2,4
296,Amex Stadium (Brighton),31876,30953,SalisburyM.(Eng),Brighton,Leeds,1,0,True,False,False,1.76,3.9,4.7,6,3,5
297,Stamford Bridge (London),40341,39953,TierneyP.(Eng),Chelsea,Leicester,2,1,True,False,False,1.41,5.0,7.4,8,4,5
298,Anfield (Liverpool),54074,53328,AttwellS.(Eng),Liverpool,Bournemouth,9,0,True,False,False,1.16,8.6,17.0,14,3,1
299,Etihad Stadium (Manchester),55097,53112,EnglandD.(Eng),Manchester City,Crystal Palace,4,2,True,False,False,1.19,7.4,15.0,7,3,3
300,Old Trafford (Manchester),75635,25000,OliverM.(Eng),Manchester Utd,Liverpool,2,1,True,False,False,4.6,4.4,1.7,10,4,4
301,St. James' Park (Newcastle),52305,52258,GillettJ.(Aus),Newcastle,Manchester City,3,3,False,True,False,6.4,4.9,1.47,16,3,6
302,Elland Road (Leeds),37792,36372,AttwellS.(Eng),Leeds,Chelsea,3,0,True,False,False,6.0,4.6,1.53,9,8,3
303,London Stadium (London),62500,62449,TaylorA.(Eng),West Ham,Brighton,0,2,False,False,True,2.49,3.4,2.9,5,4,2
304,Vitality Stadium (Bournemouth),11307,10423,PawsonC.(Eng),Bournemouth,Arsenal,0,3,False,False,True,7.2,4.8,1.44,7,4,3
305,Selhurst Park (London),25486,22012,MadleyA.(Eng),Crystal Palace,Aston Villa,3,1,True,False,False,2.47,3.25,3.05,14,2,3
306,Goodison Park (Liverpool),39572,39271,MarrinerA.(Eng),Everton,Nottingham,1,1,False,True,False,1.88,3.6,4.3,13,5,5
307,Craven Cottage (London),26600,21798,BankesP.(Eng),Fulham,Brentford,3,2,True,False,False,2.65,3.4,2.75,14,12,5
308,King Power Stadium (Leicester),32261,30850,SalisburyM.(Eng),Leicester,Southampton,1,2,False,False,True,1.76,4.1,4.4,4,1,5
309,Anfield (Liverpool),54074,52970,TierneyP.(Eng),Liverpool,Crystal Palace,1,1,False,True,False,1.28,6.0,11.0,7,5,6
310,Stamford Bridge (London),40341,39946,TaylorA.(Eng),Chelsea,Tottenham,2,2,False,True,False,2.19,3.55,3.45,8,3,3
311,City Ground (Nottingham),30404,29281,JonesR.(Eng),Nottingham,West Ham,1,0,True,False,False,4.0,3.65,1.94,11,5,5
312,Brentford Community Stadium (London),17250,17250,AttwellS.(Eng),Brentford,Manchester Utd,4,0,True,False,False,4.4,3.95,1.78,11,3,4
313,Emirates Stadium (London),60704,60033,EnglandD.(Eng),Arsenal,Leicester,4,2,True,False,False,1.56,4.5,5.8,9,5,2
314,Amex Stadium (Brighton),31876,31552,ScottG.(Eng),Brighton,Newcastle,0,0,False,True,False,2.44,3.3,3.05,8,5,5
315,Etihad Stadium (Manchester),55097,53453,CooteD.(Eng),Manchester City,Bournemouth,4,0,True,False,False,1.09,12.0,29.0,8,3,3
316,St. Mary's Stadium (Southampton),32384,25000,HarringtonT.(Eng),Southampton,Leeds,2,2,False,True,False,2.47,3.55,2.8,9,2,4
317,Molineux Stadium (Wolverhampton),31750,31178,BrooksJ.(Eng),Wolves,Fulham,0,0,False,True,False,2.22,3.45,3.35,4,1,6
318,London Stadium (London),62500,62443,OliverM.(Eng),West Ham,Manchester City,0,2,False,False,True,7.4,5.4,1.4,3,5,1
319,King Power Stadium (Leicester),32261,31794,GillettJ.(Aus),Leicester,Brentford,2,2,False,True,False,1.94,3.7,3.95,8,4,0
320,Old Trafford (Manchester),75635,73711,TierneyP.(Eng),Manchester Utd,Brighton,1,2,False,False,True,1.79,3.8,4.6,9,4,5
321,Goodison Park (Liverpool),39572,39254,PawsonC.(Eng),Everton,Chelsea,0,1,False,False,True,6.4,4.1,1.57,10,2,5
322,Vitality Stadium (Bournemouth),11307,10000,BankesP.(Eng),Bournemouth,Aston Villa,2,0,True,False,False,3.95,3.5,2.0,5,5,6
323,Elland Road (Leeds),37792,36347,JonesR.(Eng),Leeds,Wolves,2,1,True,False,False,2.47,3.35,2.95,10,1,2
324,St. James' Park (Newcastle),52305,52245,HooperS.(Eng),Newcastle,Nottingham,2,0,True,False,False,1.6,4.1,6.0,10,2,3
325,Tottenham Hotspur Stadium (London),62850,61732,MarrinerA.(Eng),Tottenham,Southampton,4,1,True,False,False,1.36,5.4,8.4,10,2,3
326,Craven Cottage (London),26600,25000,MadleyA.(Eng),Fulham,Liverpool,2,2,False,True,False,9.8,6.2,1.29,7,8,2
327,St. Mary's Stadium (Southampton),32384,31129,EnglandD.(Eng),Southampton,Liverpool,4,4,False,True,False,5.6,5.2,1.5,18,0,2
328,Amex Stadium (Brighton),31876,31388,HooperS.(Eng),Brighton,Manchester City,1,1,False,True,False,3.8,4.1,1.87,11,2,3
329,Tottenham Hotspur Stadium (London),62850,61514,GillettJ.(Aus),Tottenham,Brentford,1,3,False,False,True,1.97,3.8,3.75,12,2,2
330,St. James' Park (Newcastle),52305,52122,JonesR.(Eng),Newcastle,Brighton,4,1,True,False,False,1.83,4.1,3.95,11,3,6
331,Elland Road (Leeds),37792,36955,HooperS.(Eng),Leeds,Newcastle,2,2,False,True,False,4.9,4.5,1.64,9,2,6
332,Molineux Stadium (Wolverhampton),31750,31641,AttwellS.(Eng),Wolves,Aston Villa,1,0,True,False,False,3.05,3.3,2.43,5,5,6
333,Etihad Stadium (Manchester),55097,53305,BrooksJ.(Eng),Manchester City,West Ham,3,0,True,False,False,1.18,7.8,15.0,9,1,1
334,Selhurst Park (London),25486,25148,PawsonC.(Eng),Crystal Palace,West Ham,4,3,True,False,False,2.5,3.2,3.05,10,2,3
335,Molineux Stadium (Wolverhampton),31750,30792,JonesR.(Eng),Wolves,Crystal Palace,2,0,True,False,False,2.33,3.05,3.55,7,3,9
336,Emirates Stadium (London),60704,60175,HooperS.(Eng),Arsenal,Southampton,3,3,False,True,False,1.22,7.0,13.0,12,3,6
337,Villa Park (Birmingham),42789,42055,BrooksJ.(Eng),Aston Villa,Newcastle,3,0,True,False,False,3.6,3.5,2.1,8,5,2
338,Old Trafford (Manchester),75635,73509,OliverM.(Eng),Manchester Utd,Everton,2,0,True,False,False,1.6,4.3,5.4,12,5,0
339,Old Trafford (Manchester),75635,73309,BrooksJ.(Eng),Manchester Utd,Brentford,1,0,True,False,False,1.63,4.3,5.2,4,4,5
340,London Stadium (London),62500,62470,PawsonC.(Eng),West Ham,Newcastle,1,5,False,False,True,3.45,3.2,2.28,10,0,3
341,Stamford Bridge (London),40341,40093,TaylorA.(Eng),Chelsea,Liverpool,0,0,False,True,False,2.16,3.6,3.45,7,7,5
342,King Power Stadium (Leicester),32261,32087,ScottG.(Eng),Leicester,Aston Villa,1,2,False,False,True,2.7,3.4,2.65,9,3,4
343,Etihad Stadium (Manchester),55097,52877,HooperS.(Eng),Manchester City,Liverpool,4,1,True,False,False,1.68,4.3,4.9,9,8,2
344,City Ground (Nottingham),30404,29362,TierneyP.(Eng),Nottingham,Newcastle,1,2,False,False,True,5.4,3.8,1.7,7,2,6
345,Amex Stadium (Brighton),31876,30933,BankesP.(Eng),Brighton,Crystal Palace,1,0,True,False,False,1.37,5.2,8.6,8,2,3
346,St. Mary's Stadium (Southampton),32384,30438,SalisburyM.(Eng),Southampton,Brentford,0,2,False,False,True,3.2,3.25,2.38,6,2,3
347,Vitality Stadium (Bournemouth),11307,10536,BrooksJ.(Eng),Bournemouth,Liverpool,1,0,True,False,False,6.8,5.2,1.43,8,6,3
348,Etihad Stadium (Manchester),55097,53419,HooperS.(Eng),Manchester City,Newcastle,2,0,True,False,False,1.49,4.6,6.6,5,1,6
349,Emirates Stadium (London),60704,60213,OliverM.(Eng),Arsenal,Everton,4,0,True,False,False,1.32,5.4,11.0,10,6,2
350,Craven Cottage (London),26600,24399,OliverM.(Eng),Fulham,Wolves,1,1,False,True,False,2.65,3.2,2.85,7,2,2
351,Villa Park (Birmingham),42789,42066,HooperS.(Eng),Aston Villa,Arsenal,2,4,False,False,True,4.2,3.7,1.88,10,2,3
352,Emirates Stadium (London),60704,60276,TaylorA.(Eng),Arsenal,Manchester City,1,3,False,False,True,3.2,3.45,2.34,7,3,6
353,London Stadium (London),62500,62471,PawsonC.(Eng),West Ham,Chelsea,1,1,False,True,False,3.4,3.35,2.24,6,7,2
354,Old Trafford (Manchester),75635,73456,HooperS.(Eng),Manchester Utd,Leeds,2,2,False,True,False,1.54,4.6,6.2,9,1,4
355,Stamford Bridge (London),40341,40041,AttwellS.(Eng),Chelsea,Fulham,0,0,False,True,False,1.6,4.2,5.6,7,3,5
356,Anfield (Liverpool),54074,53126,OliverM.(Eng),Liverpool,Chelsea,0,0,False,True,False,2.08,3.65,3.65,5,6,4
357,Selhurst Park (London),25486,35853,JonesR.(Eng),Crystal Palace,Manchester Utd,1,1,False,True,False,5.2,4.0,1.67,9,1,3
358,Villa Park (Birmingham),42789,42008,OliverM.(Eng),Aston Villa,Leeds,2,1,True,False,False,2.04,3.65,3.6,9,7,4
359,Craven Cottage (London),26600,24460,CooteD.(Eng),Fulham,Chelsea,2,1,True,False,False,3.95,3.4,2.03,13,6,7
360,Brentford Community Stadium (London),17250,17163,AttwellS.(Eng),Brentford,Liverpool,3,1,True,False,False,6.0,4.6,1.53,13,11,4
361,London Stadium (London),62500,62467,EnglandD.(Eng),West Ham,Brentford,0,2,False,False,True,2.07,3.6,3.55,11,0,1
362,Brentford Community Stadium (London),17250,17137,CooteD.(Eng),Brentford,Tottenham,2,2,False,True,False,3.35,3.65,2.14,13,5,4
363,Etihad Stadium (Manchester),55097,52786,BankesP.(Eng),Manchester City,Brentford,1,2,False,False,True,1.13,9.4,19.0,14,4,4
364,Molineux Stadium (Wolverhampton),31750,30732,ScottG.(Eng),Wolves,Brighton,2,3,False,False,True,3.65,3.3,2.16,13,2,2
365,King Power Stadium (Leicester),32261,32223,JonesR.(Eng),Leicester,Manchester City,0,1,False,False,True,7.0,5.0,1.43,10,2,0
366,City Ground (Nottingham),30404,29245,TierneyP.(Eng),Nottingham,Liverpool,1,0,True,False,False,8.2,5.4,1.37,14,3,3
367,Amex Stadium (Brighton),31876,31463,EnglandD.(Eng),Brighton,Nottingham,0,0,False,True,False,1.41,5.0,7.8,7,1,4
368,Brentford Community Stadium (London),17250,17016,SalisburyM.(Eng),Brentford,Brighton,2,0,True,False,False,3.2,3.45,2.29,10,3,4
369,St. James' Park (Newcastle),52305,52067,BrooksJ.(Eng),Newcastle,Brentford,5,1,True,False,False,1.68,4.1,5.0,9,4,1
370,Emirates Stadium (London),60704,60278,TaylorA.(Eng),Arsenal,Tottenham,3,1,True,False,False,2.05,3.75,3.65,12,4,3
371,City Ground (Nottingham),30404,28654,GillettJ.(Aus),Nottingham,Fulham,2,3,False,False,True,2.8,3.4,2.55,10,4,6
372,Goodison Park (Liverpool),39572,39240,TaylorA.(Eng),Everton,Liverpool,0,0,False,True,False,7.0,5.2,1.41,11,5,4
373,Craven Cottage (London),26600,22224,BramallT.(Eng),Fulham,Brighton,2,1,True,False,False,3.35,3.25,2.3,7,2,3
374,St. Mary's Stadium (Southampton),32384,31196,MadleyA.(Eng),Southampton,Manchester Utd,0,1,False,False,True,3.5,3.9,2.0,11,2,3
375,Tottenham Hotspur Stadium (London),62850,61298,HooperS.(Eng),Tottenham,Wolves,1,0,True,False,False,1.44,4.9,7.0,7,2,4
376,Villa Park (Birmingham),42789,41883,OliverM.(Eng),Aston Villa,Everton,2,1,True,False,False,1.76,3.65,5.0,8,5,5
377,Selhurst Park (London),25486,25286,TaylorA.(Eng),Crystal Palace,Arsenal,0,2,False,False,True,4.4,3.6,1.86,4,3,3
378,Emirates Stadium (London),60704,60201,MarrinerA.(Eng),Arsenal,Everton,5,1,True,False,False,1.34,5.6,8.6,11,2,1
379,Brentford Community Stadium (London),17250,16957,TierneyP.(Eng),Brentford,Leeds,1,2,False,False,True,2.34,3.75,2.9,11,2,5
380,Amex Stadium (Brighton),31876,31604,FriendK.(Eng),Brighton,West Ham,3,1,True,False,False,2.6,3.5,2.7,9,0,2
381,Turf Moor (Burnley),22546,21361,PawsonC.(Eng),Burnley,Newcastle,1,2,False,False,True,2.44,3.2,3.15,11,5,1
382,Stamford Bridge (London),40341,32089,DeanM.(Eng),Chelsea,Watford,2,1,True,False,False,1.19,7.4,15.0,11,2,0
383,Selhurst Park (London),25486,25434,AtkinsonM.(Eng),Crystal Palace,Manchester Utd,1,0,True,False,False,2.8,3.45,2.55,7,6,6
384,King Power Stadium (Leicester),32261,32003,MossJ.(Eng),Leicester,Southampton,4,1,True,False,False,1.74,4.2,4.4,8,4,1
385,Anfield (Liverpool),54074,53097,TaylorA.(Eng),Liverpool,Wolves,3,1,True,False,False,1.15,8.8,18.0,13,4,1
386,Etihad Stadium (Manchester),55097,53395,OliverM.(Eng),Manchester City,Aston Villa,3,2,True,False,False,1.18,8.2,15.0,7,3,2
387,St. Mary's Stadium (Southampton),32384,31588,AtkinsonM.(Eng),Southampton,Liverpool,1,2,False,False,True,6.4,4.9,1.49,7,2,2
388,St. James' Park (Newcastle),52305,52274,EnglandD.(Eng),Newcastle,Arsenal,2,0,True,False,False,4.2,3.8,1.86,6,7,3
389,Goodison Park (Liverpool),39572,38819,OliverM.(Eng),Everton,Brentford,2,3,False,False,True,1.93,3.65,4.0,12,3,3
390,Villa Park (Birmingham),42789,41136,KavanaghC.(Eng),Aston Villa,Crystal Palace,1,1,False,True,False,1.85,3.6,4.5,8,1,4
391,Elland Road (Leeds),37792,36638,DeanM.(Eng),Leeds,Brighton,1,1,False,True,False,2.7,3.4,2.7,12,2,5
392,Vicarage Road (Watford),22200,20257,GillettJ.(Aus),Watford,Leicester,1,5,False,False,True,4.9,4.0,1.71,12,5,1
393,London Stadium (London),62500,59972,TaylorA.(Eng),West Ham,Manchester City,2,2,False,True,False,7.4,5.2,1.4,10,1,4
394,Molineux Stadium (Wolverhampton),31750,31219,HarringtonT.(Eng),Wolves,Norwich,1,1,False,True,False,1.55,4.5,5.8,6,0,3
395,Elland Road (Leeds),37792,36549,TaylorA.(Eng),Leeds,Chelsea,0,3,False,False,True,4.7,4.1,1.71,4,3,1
396,Etihad Stadium (Manchester),55097,53336,AttwellS.(Eng),Manchester City,Newcastle,5,0,True,False,False,1.18,7.8,15.0,12,5,4
397,Emirates Stadium (London),60704,60108,KavanaghC.(Eng),Arsenal,Leeds,2,1,True,False,False,1.55,4.5,5.8,11,1,4
398,King Power Stadium (Leicester),32261,32001,PawsonC.(Eng),Leicester,Everton,1,2,False,False,True,2.65,3.25,2.8,13,2,3
399,Carrow Road (Norwich),27137,27000,JonesR.(Eng),Norwich,West Ham,0,4,False,False,True,4.9,4.0,1.7,7,5,2
